,year,term,SNP,Chromosome,Position,P.value,maf,nobs,effect,logPercentileQQplot,rank,log10PVal,ordinal
1,2020,Centering,Qsd1,5,442160000,8.50384353207086E-20,0.348668280871671,413,NA,3.89137017469615,1,19.0703847392871,4780
2,2020,Lower,JHI-Hv50k-2016-435773,7,1396559,4.72064781860812E-10,0.480629539951574,413,NA,3.89137017469615,1,9.32599839866647,6438
3,2020,Lower,JHI-Hv50k-2016-308652,5,446691785,4.57294289262484E-09,0.365617433414044,413,NA,3.59034017903217,2,8.33980422209904,4781
4,2020,Lower,JHI-Hv50k-2016-435980,7,1493018,5.29879451789884E-09,0.478208232445521,413,NA,3.41424891997649,3,8.27582292167702,6442
5,2020,Lower,JHI-Hv50k-2016-273301,4,618718558,2.51871589571595E-06,0.486682808716707,413,NA,3.28931018336819,4,5.59882081697244,4247
6,2020,TimeTo5.0,Qsd1,5,442160000,9.47215150458681E-30,0.362924281984334,383,NA,3.89137017469615,1,29.0235513641389,4780
7,2020,TimeTo5.0,JHI-Hv50k-2016-276836,4,622826452,1.19583733933055E-07,0.477806788511749,383,NA,3.59034017903217,2,6.92232789010968,4256
8,2020,Upper,Qsd1,5,442160000,1.24618370551233E-10,0.348668280871671,413,NA,3.89137017469615,1,9.90441793166603,4780
