"","SNP","Chromosome","Position","P.value","maf","nobs","effect","TP","Trait","model"
"3173","JHI-Hv50k-2016-28251",1,375895006,5.30135779292769e-13,"0.00970873786407767",103,NA,"Field","phs","blues"
"495","JHI-Hv50k-2016-10570",1,10179999,4.7139292172602e-13,"0.00970873786407767",103,NA,"Field","phs","blups"
"3493","JHI-Hv50k-2016-306523",5,429249543,8.83827361265656e-15,"0.0103305785123967",484,NA,"Field","scald","blues"
"7179","JHI-Hv50k-2016-73780",2,24228737,1.93257663296509e-46,"0.366735537190083",484,NA,"Field","HD","blues"
"71791","JHI-Hv50k-2016-73780",2,24228737,3.36897702044881e-46,"0.366735537190083",484,NA,"Field","HD","blups"
"7184","JHI-Hv50k-2016-73868",2,24379112,3.50274363778441e-10,"0.360248447204969",483,NA,"Field","Ht","blups"
